Student,Department,Attendance,Assignment,MST,Final Exam
Aman,CSE,85,18,16,72
Rahul,DS,92,19,18,78
Simran,CSE,76,15,14,65
Harpreet,DS,88,17,16,74
Karan,CSE,69,16,13,61
Neha,DS,95,20,19,79
Arjun,CSE,82,18,17,76
Mehak,DS,73,15,14,62
Rohan,CSE,90,19,18,80
Jaspreet,DS,67,14,12,58
Anjali,CSE,86,17,16,75
Gurpreet,DS,91,19,18,78
Manpreet,CSE,78,16,15,68
Priya,DS,84,18,17,77
Vikram,CSE,72,14,13,60
Navjot,DS,89,20,18,80
Isha,CSE,94,19,19,79
Deepak,DS,75,16,14,64
Pooja,CSE,81,17,16,73
Sahil,DS,68,13,12,55
Riya,CSE,87,18,17,80
Mandeep,DS,93,19,19,79
Nitin,CSE,74,15,13,63
Komal,DS,80,17,15,71
Abhishek,CSE,89,18,18,78
Amandeep,DS,77,16,14,67
Tanya,CSE,96,20,19,80
Varun,DS,70,14,13,59
Muskan,CSE,83,17,16,76
Gagandeep,DS,85,18,17,78